pretty_formula,spacegroup.number,band_gap,density,volume,formation_energy_per_atom,nsites
KAl9O14,14,4.1426,3.1426457748658305,534.6489598015461,-3.364228622729167,48
K2Se2O,15,0.0974999999999999,3.3036825890517667,253.4435170632342,-0.9405359643875002,10
K2AgF4,14,0.6151000000000001,3.3439873695426106,260.2630836163177,-2.3718592760609525,14
Na2TeS3,14,1.7919,2.904618695480478,616.9087338725751,-1.000992673923611,24
K3Zn2Cl7,2,3.9024,2.3457051607057737,702.644831822473,-1.9094226464016668,24
NaWO4,2,0.7357,5.128049212833702,350.79181835342393,-1.848086210138889,24
Na2VO4,2,0.4121999999999999,2.5423081446117632,420.4237577404624,-2.053662820238096,28
Na(AsO2)2,15,0.3647,2.755922289298523,1141.5892646367984,-1.6215706747619048,56
NaSeO3,15,0.0352,2.8998469664015825,686.9175203566101,-1.3802338861354166,40
K4As2Se5,14,1.2066,3.085058383397619,1509.3371789309035,-0.8164196498835227,44
K4GeO4,2,2.7735,2.800433266573468,347.5098635093906,-1.9677137718888889,18
Li3AlF6,15,7.6904,2.60828782819132,618.0303691224941,-3.4999783658806667,60
Na2Ga2As3,14,1.0235000000000003,4.11725666777572,1323.4775227918608,-0.4108777557738098,56
NaCrF4,14,3.2291,3.135993316653476,319.780436925692,-3.094141104682221,24
Na6Ge2Se7,15,1.6,3.363289726986576,825.4470124760105,-0.8466231464270834,30
Na5SiAs3,14,0.7408999999999999,2.8870504494165585,846.1852149244673,-0.4234982854629628,36
K3AlSe3,14,2.3597,2.778659097628999,911.1231490347164,-1.1886285297901782,28
Na7Fe3O8,2,2.1599,2.971704676785728,510.1229059079129,-1.796171141851852,36
Li3TiF6,15,0.1577999999999999,2.727678968895749,667.2661473221744,-3.3875366552140007,60
K2In2As3,14,0.7807999999999997,4.117578758886344,1718.2890067342091,-0.4123574569285715,56
LiYb2Cl5,15,5.4727,5.085427056808477,346.3074426727385,-2.666649556829167,16
Li2TeO3,15,3.675,3.5623440574913,353.29465022955577,-2.029006818402777,24
Na6Ge2S7,15,2.4467,2.357191957890848,715.2679009417785,-1.2346266997916673,30
Na2Mn2S3,15,0.5011999999999999,2.695294850650081,621.1415651004083,-1.0838029357645738,28
Na4Ge2Te5,2,1.1111,4.090720557104214,710.5685464868408,-0.5887065925757572,22
Na2GeSe3,14,1.6256,3.547809137046041,665.5610255614405,-0.7602022689496527,24
K2TeSe3,14,1.9573,3.217212284340913,913.9363190268962,-0.7134394221718748,24
Li4P2O7,2,5.6175,2.247060735369704,298.1164560879004,-2.7520850468635536,26
Na3ErCl6,14,5.5044,2.880498237386225,517.6138442289852,-2.357139079956,20
Na2CS3,15,1.2757,1.9116151567994144,267.8683637878123,-0.8060303426736114,12
K3RhCl6,14,1.7025,2.5883632455147887,1110.9382225940096,-1.7940758356059998,40
K2GeSe4,14,1.7903,3.389613999948487,914.4813843462276,-0.7527866864821426,28
NaAuSe2,14,0.9312,6.183330760682199,405.9161292471232,-0.5023535220052082,16
K5SnBi3,14,0.0144999999999999,4.095422708065934,1526.3911268719207,-0.3494378722222227,36
KGaI4,14,2.6203000000000003,3.509591282623461,1166.655895962564,-0.8794534938333335,24
LiBeN,14,2.6955,1.9285630092214072,103.18471163005631,-1.002159633571111,12
LiIO4,14,2.1026,3.553146884954736,369.842460701158,-1.127973461388888,24
Li2CrCl4,15,0.5086000000000004,2.330723822966483,295.94027520352864,-1.7779654706723806,14
K2ZrTe3,14,0.415,4.067263071853834,901.8190989680304,-1.0153861814166667,24
Na4Sn3S8,15,1.6688999999999998,3.0932131863797667,756.5148786968106,-1.0906686732222215,30
Na4GeO4,2,2.8182,2.9917197575481653,253.7628812959397,-2.0278647203703706,18
Na3HoCl6,14,5.4945,2.854662744029393,519.5892372306824,-2.3563384809560004,20
K3ErCl6,14,5.1938,2.655325911616808,1243.899158381838,-2.486743371606,40
KGaCl4,14,4.604900000000001,2.2019322537122723,756.0384936261734,-1.8812406689233336,24
Na2Sb4O7,15,3.0951000000000004,4.298063896973801,498.3979735569921,-1.865225738108976,26
K6Si2O7,14,3.5108,2.5144244314835995,531.9651370364533,-2.49421654245,30
Na3CoO3,2,0.8574999999999999,2.947378532355494,198.20324108473727,-1.4533319683928576,14
KCO3,14,4.2352,2.0418284767180017,644.8000084546517,-1.7415281930999995,40
KPb2Br5,14,3.0674,5.242923569255034,1080.672028088317,-1.143225162875,32
Na2BeF4,14,6.7382,2.4117378044955284,360.7461189030882,-3.2861932202038098,28
NaNO,14,3.396,2.377376604036122,296.1304865487932,-1.1046474531544443,24
Li2TbF6,14,0.3369000000000002,4.657028813590377,409.04956274313423,-3.4085270312562965,36
K6Pb2O5,2,2.1281,3.880399306092533,623.9105643252349,-1.5225306907115383,26
KInS2,15,2.0103,3.080923329797001,940.1711388941062,-1.2707068720000003,32
K2Mo3O10,15,3.3526,3.3265026238808506,525.1528403886758,-2.1789503309,30
K2(TcSe2)3,15,0.9366,5.030946393420663,1116.882489374322,-0.7475619322784091,44
K3GaSe3,14,2.0915,3.0934533106832256,910.1789521358388,-1.0763976251473213,28
Li6Zr2O7,15,3.9436,3.4331864375737244,325.1150224047779,-2.8725432112500005,30
K2Ge2S5,15,2.3391,2.425900891910553,1050.8550497652984,-1.1343641362916663,36
K2PaF7,15,3.8952,4.5779693742235,320.80850206320406,-3.822045525933,20
KSbSe2,2,1.5739,4.007959984791155,528.2925206269668,-0.6859532144218745,16
K2ZrF6,15,5.5345,3.4121702210830778,275.8450128769613,-3.6811580725711113,18
K6Ti2O7,14,3.4473000000000003,2.4569619051732063,597.8838940696613,-2.559445311894445,30
KSO4,2,3.5587,2.2613596353204333,198.5000096590235,-1.8963821385208337,12
K4Fe2O5,14,0.7771999999999999,2.9774569003612195,388.251309592303,-1.0791043093863637,22
LiCoF4,14,1.9285,3.505376008701767,134.40899724309304,-2.439795754682222,12
NaB3O5,14,5.2407,2.1412391105770263,1260.2225477871086,-2.7967473531018503,108
Na2Si2O5,14,4.4545,2.4724922925723933,978.6500999741464,-2.913565948657408,72
Na3VF6,14,2.5442,2.932900046962641,264.8587534565536,-3.0854203262140003,20
Li2Mo4O13,2,2.3935,3.7689469280340098,800.4988674862784,-2.124829958048245,57
Na2PtO3,15,1.5696,6.799589982959462,282.36897268283843,-1.5092022975694448,24
KMnF4,14,2.1504000000000003,3.086423203364445,365.9140290436839,-2.974899640145862,24
K2Si4O9,2,4.4474,2.2407157174628733,495.8285813282025,-3.0762223564833326,30
LiAsO3,15,2.9619,3.456178317675293,249.5692198717028,-1.9602378564166671,20
Na3AlS3,14,2.907,2.010525631177555,1269.581166440218,-1.478346909732143,56
KPr3Te8,14,0.4765999999999994,5.881784890322674,1674.2880282119686,-1.15272772025,48
KTaTe3,14,0.4180999999999999,5.607998538235741,3570.0780812097096,-0.5720824702999999,100
K9InSe7,14,1.8682000000000003,2.890814473773396,2342.303505239119,-1.0499872379944852,68
KAuCl4,14,1.4211,3.3863224956858127,741.1926113220479,-1.30889785684,24
K2Ge2Se5,14,1.8032,3.33476194533696,2462.9582923008475,-0.6692947918298613,72
NaGa3Se5,19,1.5028,4.34582283116457,3832.975507684597,-0.7341088125752309,144
K3AgO2,19,1.8096,3.1275030023336936,2184.6303895340984,-1.1948204903194444,96
K2TcI6,14,0.7361,4.137562338807993,752.5978782558478,-0.7230443162222223,18
Na2TeSe3,15,1.3504000000000005,3.922703981658733,695.0145636523694,-0.6321145664496525,24
NaC4N3,2,3.5701,1.423451860575858,263.76497740767167,-0.0084682925591659,16
K2NbS7,14,1.3163,2.341419572362065,2244.243574790827,-1.2279848311625003,80
Na3InBi2,14,0.0258000000000002,4.878599024990211,2457.8193113289226,-0.2840513255555557,72
Na3W3Cl13,14,0.918,3.8253525009874094,1877.65276583386,-1.5525763585463157,76
KPb2Cl5,14,3.6184,4.492084896212566,932.669017284728,-1.7390158299125005,32
Na3GdBr6,14,0.1734,3.754655953242788,624.1574697362963,-1.1715667405,20
NaC2N3,14,4.6266,1.6621211818241612,355.7860940708827,-0.2477238996622226,24
Na4V2O7,15,3.3364,2.716331353092421,1495.710727413574,-2.3305485177564105,104
K3Nb7O19,2,2.112,3.9126571182454577,1819.2040557304367,-2.976314301560345,116
Na2Si4O9,14,4.4699,2.9895486474916035,2015.051037073777,-3.000152504194445,180
KNd3Te8,14,0.4468999999999994,5.927289579295931,1672.6437463518644,-1.1439068785833335,48
LiMo6Cl13,2,2.3547,3.5159739897074447,985.6288498705744,-1.399653172285666,40
K3Nb2S11,15,1.4261,2.404871082515044,1811.3555535003893,-1.2840094242734388,64
Na5TaO5,15,2.5372,3.909481301351336,319.3191983608148,-2.339061049810606,22
K2SnSe3,2,1.6512,3.372813677964656,427.1327530326364,-0.8901778130052088,12
Na3DyCl6,14,5.426900000000001,2.8312083506179446,521.0428101451541,-2.353867992956,20
K2Se2N,15,0.1815,2.745070883055762,302.607494531845,0.1428226633865001,10
NaCO2,15,0.0427,1.7903641410179296,124.2818726360752,-1.4852695152083326,8
Na2AgF4,14,0.5851000000000001,3.7954821511989,201.11307488713112,-2.335645731870476,14
NaPO4,2,0.0961999999999999,2.09156408819814,374.6078218421104,-1.59146251406746,24
NaSeO3,15,3.0887,2.4874612212149927,800.7986900801808,-1.5117774458854172,40
LiAlH4,15,3.9431,1.163243103888017,108.36014477119812,-0.2324522988022218,12
CsLiCl2,15,5.1162,2.7984359316847813,500.226109591145,-2.192990435696092,16
NaCO3,14,0.6706,2.0434906087238764,269.7786468445206,-1.787799262416666,20
Li2OsO6,15,0.7718,4.338713265185179,229.71867093113823,-1.4406529449074073,18
K2Se2O7,15,3.0466,2.923077907483058,395.5106624343272,-1.5643470754034092,22
Na4W4O15,2,0.3525999999999999,5.451632976578083,325.0971015194926,-2.0431379957427542,23
KTeO4,14,0.5381,3.9662973050738817,386.3346844568538,-1.467120482583334,24
KAsO3,2,3.1488,2.902151295468128,556.216455633631,-1.9478670863500005,30
Cs2NaAs7,14,1.4374,3.826426954450439,1411.6945362454128,-0.3589037831695407,40
Na3(PO4)2,14,0.2319,2.3969490161657823,717.4679824785512,-2.136394487087912,52
Na3(PO3)4,14,0.1909,2.484197432895114,1029.0169917583466,-2.510093826015038,76
LiYb8Ge13,14,0.0029000000000003,7.946725915162614,1952.161700359503,-0.5117143012878788,88
KB6F6,15,2.6505,2.0761703658229926,697.2882995331017,-2.103105192318461,52
Li2Cr2O9,15,0.7289999999999999,2.392146674068788,363.5591223877919,-1.1266138940705115,26
LiHoO2,14,4.4183,6.480360456298269,208.9601657533776,-3.310826540208333,16
K14Fe4O13,14,0.0369000000000001,2.685198295895559,1210.5250901257516,-1.4161725159112903,62
K2Ga2Sb3,14,0.9068999999999998,4.159090735587852,1861.8795532812185,-0.3534465428214289,56
Li3B7O12,2,5.6046,2.222017404638546,431.1879500428555,-2.825436892007576,44
Na6Sn2Se7,15,1.4178999999999995,3.518358181725019,876.0397427513161,-0.8618602070937499,30
Na3GaSe3,14,2.0844,3.3640642785875534,741.5464602992546,-0.9698734506473216,28
NaCuF3,2,0.0808999999999999,3.8781252224231375,245.82888280091183,-2.328162396880667,20
Na2B4O7,2,4.618,2.1734356625814995,614.9389713011805,-2.753321194775641,52
NaVF4,14,2.0363,2.976409349126921,334.57242542564285,-3.0920807955155563,24
K3AlTe3,14,2.1198,3.1423391110375736,1114.114023283378,-0.9401482923571426,28
Na7(CoO3)2,15,0.0101999999999999,2.825475089221684,440.5314987288967,-1.5518199823888892,30
Na3InSb2,14,0.2846999999999999,4.013676749818544,1414.2852498404536,-0.3764600454166666,48
Li3VF6,15,2.4336,2.802556048693393,660.3685238449381,-3.0711691170473334,60
Li2PbO3,15,1.0712000000000002,6.684437017432163,133.6890999147112,-1.7961536984027784,12
K(BH)5,14,4.6289,1.294078906087697,1007.996107808307,-0.3707854331303024,88
Li2W2O7,2,3.7668,5.697578530728485,287.6913425958027,-2.2753340423106065,22
Na4As2O7,15,3.2060000000000004,3.0146733263669105,389.757340277881,-2.026215690160257,26
Na2ZrF6,14,6.2568,3.294182609047959,506.48968761923,-3.653329703200741,36
K3GeTe3,15,1.056,3.449709079850885,1102.7581216168564,-0.8002497669999998,28
Li2Te2O5,14,3.4818,4.339423788817056,534.3191585237438,-1.8579766647685187,36
K2BeO2,14,2.9235,2.374685782489046,333.43164540858334,-2.1148341602,20
Li6Ge2O7,14,3.8132,3.141919070063394,631.9339431596201,-2.312389674916667,60
Na8Ti5O14,2,3.507,3.2847060966361497,654.4117911603157,-2.8755614741049387,54
K4Be3O5,15,3.4459,2.3875620598402625,366.4243206725953,-2.314911488604168,24
KH9O5,14,5.0099,1.487431153608453,572.3314628801162,-1.4481293962886663,60
LiGaBr4,14,3.4374,3.38716407827278,777.0965989315782,-1.0996029588888891,24
K2Zn3O4,15,1.4102,4.067172706224241,276.3401823117312,-1.7196948745555558,18
Na6Be8O11,2,3.6214,2.402147446928112,266.85165367485524,-2.56031708255,25
NaTiSe4,14,0.9116,4.192521313276806,1225.2771911431446,-0.8628752137152779,48
Li3Zr4F19,2,5.6196,3.40539497346412,728.2008116575965,-3.863047678754232,52
K2Te2O5,14,3.3858000000000006,4.004232166738931,685.7306910268067,-1.7884555049722226,36
NaNb10O18,14,0.1356999999999999,5.609356195980519,734.1803197022153,-2.793452416063218,58
KNO2,14,2.5629,1.8599163304118167,303.9237460425391,-1.3947552269699992,16
Na3InS3,15,2.7744,2.5661902703744546,724.6875892134168,-1.2670471791964286,28
K6Sn2Se7,14,1.6825,3.1854498841480017,4273.440619052339,-0.97424464004375,120
KAuBr4,14,0.8099999999999999,4.2997299759361,858.4071992435739,-0.7452680113333336,24
Na4SeO5,2,1.3609,3.2474001697783432,513.2178687103018,-1.702493070692708,40
LiSb3O8,14,0.9891000000000004,5.859429085208864,283.51859191981004,-1.9703403186111104,24
K3BS3,14,2.7673,1.946081431901271,765.5597571981472,-1.3235216500059528,28
Na2Al2Sb3,14,0.7579000000000002,3.8253185757736974,1615.5942316079086,-0.2872004870238095,56
Na3BO3,14,2.9547,2.4243768194872306,350.0795791061093,-2.2769676939880954,28
KBiO2,15,2.0739,5.735481268350362,162.17632267132396,-1.7350541338749998,8
Na2S2O7,2,5.2697,2.4955892507053528,295.5731528936965,-2.192284856515151,22
Na2CuF4,14,0.9019,3.433869268806569,179.42546691232914,-2.5222996830609525,14
K2CO3,14,3.649,2.28892614712756,401.0537994106748,-2.1250361962083333,24
Li2ZrO3,15,3.8414,4.032147565131905,126.10426640088644,-3.0478515142361107,12
K2B2S7,15,2.5944000000000003,2.031030962756432,530.2420208663228,-1.0789572187462126,22
KInSe2,15,1.4657000000000002,3.8736535480854313,1069.4118141565457,-0.9040231678593748,32
Na5SnAs3,14,0.3932000000000002,3.330906732327779,914.1419259955612,-0.423137845740741,36
NaMo6Cl13,2,2.3511,3.3481179790694044,1050.9619548558453,-1.406386386785666,40
K2(ReSe2)3,15,1.1321000000000003,6.561639357311733,1124.205333983128,-0.6702631970511361,44
K3IrCl6,14,1.9930000000000003,3.1118242801467737,1114.6942405831596,-1.7454501686059998,40
Na7In3Se8,2,1.1676,3.8248415017294777,987.3018322634751,-0.9155117198379628,36
K2B2Se7,15,1.6404,3.488650401205655,621.194853683245,-0.5119413700672346,22
K2Cr2O7,2,2.7027,2.4965094548328564,782.700854821798,-1.942610040886364,44
NaMnF4,14,2.0525,3.1095596601743445,164.3914706809856,-2.932898249784751,12
Na2Si2O5,14,4.4603,2.390903168406888,506.02317594559526,-2.91283776337963,36
NaB3O5,14,5.2573,2.1638229604277264,1247.0695878092438,-2.796351085787036,108
Na5P3O10,15,4.5797,2.4694143143979974,494.7349332912818,-2.626975978326719,36
Na2MnO2,15,0.2689999999999997,3.135555719585868,422.3420673673518,-1.7048223232897006,30
K6Nb4S25,14,1.5193,2.3989455604514864,3898.002338085023,-1.224436862532143,140
Na5Fe3F14,14,3.2652,3.0787418032735805,591.6324205523916,-2.92560925833303,44
Na3CrF6,14,3.8046,2.994286809892671,260.59850274611296,-2.9838640037139994,20
Na5Co2O5,15,1.3178,3.041452151515298,683.1433317718618,-1.3759252556597226,48
K2S2O7,15,5.2195,2.4078308478483472,350.7823492575093,-2.24952052690909,22
KAuN12,15,1.4767,2.885793246687668,465.1053976416069,0.1500844602457149,28
Na4Ge2Te5,14,1.2979000000000005,4.072775237979723,2854.7977145797527,-0.5677829468939396,88
Na4Si2Te5,14,1.8643000000000003,3.753554139075565,2782.215801066938,-0.6071131079166666,88
K2SnCl6,14,2.8597,2.5248312971845617,538.8064158574764,-1.8514816950622224,18
KC4N3,2,3.7294,1.3937630892649042,307.7671092610941,-0.0426633443924995,16
Li7P3S11,2,2.4173,1.8720522702069493,876.7672645547459,-1.1729773277820297,42
K5InO4,2,2.0401,3.100994990350771,3206.978737546148,-1.57982200275,160
KNbCl6,14,1.9232,2.434793179513776,3761.636804961728,-1.8777931459450008,128
NaMo6Br13,2,1.9759,4.519728024040063,1203.1415962935237,-0.7677459531666664,40
LiYO2,14,4.4646,3.970553873417322,213.86708563876712,-3.2657491768749995,16
KSO4,2,3.5719,2.267631440556262,197.95099919037955,-1.906453211854167,12
Na(BH)5,14,4.7322,1.136497593144186,959.4703504719156,-0.3156147758878783,88
K2Sn2S5,15,1.8223,3.14860559279612,502.0124603909294,-1.122611276291667,18
Na3AlTe3,14,2.2355,3.51758022298459,904.0129103374484,-0.8042045060714287,28
K(SbSe2)2,2,1.1431,4.522739139542621,439.4520029654069,-0.4913958403392853,14
Li3B11O18,14,5.5447,2.0672387128841634,1374.3312453565309,-2.830719655963541,128
Li4P2O7,14,5.581300000000001,2.2753572189452727,588.818122679839,-2.734027904363553,52
LiLaO2,14,3.8908,5.558971731601202,212.4990252900325,-3.180172978333333,16
LiDyO2,14,4.3417,6.288601768602968,212.7650436624169,-3.2922149052083327,16
KCO3,14,0.8757999999999999,1.878370345998601,350.45565477951186,-1.82467832835,20
Li2PtF6,14,2.5122,5.110123382508605,209.88994227672868,-2.437626609867407,18
Li2SnS3,15,1.4195000000000002,3.435021001769229,442.3958412301284,-1.2130201747569451,24
Na2Se2O7,2,2.9536,3.1131659238874407,336.992350205796,-1.50592804000947,22
Na2TeSe3,14,1.2319,3.848153372791025,708.4791410412453,-0.6286668739496525,24
KMoO4,2,0.6734,3.1812448554352155,415.569253704208,-1.824455821333333,24
K2MnN4,14,1.2252,2.1251948193920915,591.2116224843007,0.2402474149749756,28
KB3O5,15,5.7643,2.6304963378857456,382.6177717437503,-2.80178960825,36
K9(FeO4)2,15,0.0082000000000002,2.6697576019071843,1471.781451429022,-1.4367918587894737,76
Na2(ReSe2)3,15,1.2789999999999997,6.859252977431355,1044.2302146023253,-0.6034861746117425,44
Li12Mo5O17,2,1.3118,4.1828423005074304,662.9558559412034,-2.2203432779779413,68
KSO6,15,0.4280999999999999,1.882233623885748,589.8847171545052,-0.7971689445156258,32
K2RuO5,19,0.9515,3.003976154095658,573.2633206963152,-1.53284886434375,32
LiAuF4,15,2.1155,5.663814670546498,164.12501969156483,-2.036456891348889,12
K3YF6,14,6.699,2.721976578987741,390.6645996452016,-3.6111615127806656,20
Na4TiO4,2,3.3186,2.5887894375282703,261.4791096173333,-2.440481834629629,18
Na2Si3O7,15,4.9429,3.182597228413928,252.7718100877512,-2.914804015868056,24
K2SiO3,14,3.7439,2.4113101692151626,1274.934109900027,-2.6826499182916663,72
K2GaAs2,14,1.0264,3.0015795501567166,1317.8308386446374,-0.4907833246999999,40
K2Ga2As3,14,1.0329000000000002,3.8402720781094897,1530.3806732664273,-0.4660514106785715,56
Li3GaF6,15,6.2874,3.1531974046180564,646.2786899291157,-3.1460735796306665,60
Na3GeTe3,14,1.2201000000000002,3.796877677965216,917.3876183692672,-0.6562107846428569,28
Na3TaF8,15,4.8709,4.2884449157851465,311.2447484632744,-3.383870505793333,24
Na3SiTe3,14,1.9488,3.5718171945531223,892.3386739156424,-0.6770881150000001,28
KGaS2,15,2.5331,2.778545791895944,826.8854624801144,-1.3786514776250005,32
KAlTe2,15,1.894,3.5988871631370447,1185.917088528462,-0.7935387385624999,32
NaFeF4,14,2.954,3.184167082303828,322.97121403100977,-2.8941932013488887,24
K4Ta2S11,2,1.7013,2.9221438939209,989.9143609951568,-1.367035596845588,34
Na4WO5,2,3.8008000000000006,4.695049973065056,251.67497223254787,-2.1447918084583337,20
Na3InAs2,14,0.1482000000000001,3.746588787444576,1182.9566008086772,-0.4380344589583327,48
LiAlCl4,14,5.557,1.8292122723825464,638.1196345597184,-2.0429953235622222,24
NaAlCl4,19,5.6586,1.904848036330634,668.7434776581584,-2.056353439395556,24
K2SbCl5,14,3.2523,2.5165184794268822,995.6472939678384,-1.8119350665375,32
KCuCl3,14,0.2580999999999999,2.649852352891438,523.8905395157138,-1.4514761270560002,20
K3MoCl6,14,1.6431,2.448447962309685,1155.5261812700933,-1.7677650041060005,40
K5As3O10,19,3.057,2.959349125818721,1302.351632864276,-2.0273882741666664,72
Na4SnTe4,19,0.9417,3.996398206635072,1198.4425078432173,-0.7018061006481481,36
NaTaCl6,14,2.902,2.938232243399729,941.890123904549,-1.918417755361668,32
Na3Sb5F18,14,4.391,4.050385064212495,1672.2548793410788,-2.8059396071700005,104
Na4Ge2Se5,2,1.7172,3.6388435173545592,576.8456786724238,-0.8099778154592805,22
NaInBr4,19,3.1545,3.5077017683934884,866.1740239435971,-1.0805705397222225,24
NaInI4,14,2.4484,3.715767039335988,1153.737028042139,-0.7858253051388889,24
KSnF3,2,3.5101,3.5448548438377405,804.9742740888714,-2.812717267064,40
K2H5F7,14,7.1693,2.0033406714913515,716.9030570487606,-2.314740002137857,56
LiDy2Br5,15,0.1222000000000003,5.617942498931352,432.40726170670064,-1.441082592291667,16
KAuI4,14,0.3003,4.778720871612322,1033.6776648386472,-0.5527242305000003,24
K4Bi2O5,2,2.6553,4.518030341435312,480.9951756205282,-1.702412076204545,22
CsNaGe2,14,1.1351999999999998,3.7479983705504862,1067.4779895122135,-0.1952282606285917,32
KEu2I5,14,1.3409,4.987760301908759,1301.7928886485483,-1.579361145375,32
Na5SnSb3,14,0.2327000000000003,3.676786435300554,2163.9795956661,-0.365671471712963,72
Na4MoO5,2,2.858,3.359868957280246,529.6062525090218,-2.0646844647083333,40
KTaS5,14,1.6370000000000005,3.627272804251163,1393.049242854809,-1.2849917751607145,56
Na2S2O5,14,3.2698,2.2219934788833315,1136.5625942471252,-2.084474826018518,72
Na2Si2O5,14,4.4754,2.475200090175199,488.7897424769421,-2.913948821435185,36
Li2SnO3,15,3.1452000000000004,4.815589686683862,249.0885658089448,-2.2323007242361115,24
Na2GeS3,14,2.4683,2.439326097139301,584.9286551246399,-1.174195923506944,24
Na5GeP3,14,1.0516,2.35135884626269,792.3895311303756,-0.3612148241534392,36
K2NbF7,14,4.528700000000001,3.0095483625804897,671.1389974607895,-3.3973054749330003,40
Na2B2Se7,15,1.5382,3.775967838702108,545.5915900948761,-0.4180882733096593,22
K3MnO3,14,1.8512,2.737476569181056,534.3642741226499,-1.7297465211950245,28
LiInI4,14,2.2465,4.096332760256358,1020.5273428903909,-0.7485249393055554,24
Na5HfAs3,14,0.9032,3.8366772957021618,897.1277310872091,-0.5863856660185189,36
Na2(ReS2)3,15,1.4379999999999995,5.815240432522463,910.3210368314147,-1.087369991856062,44
K2PO4,14,3.2543,2.505509554039965,459.0717533219473,-2.335951936724489,28
K2PbO2,2,1.9849,4.432615958109599,475.608504088774,-1.5507050871999997,20
KZrF5,2,5.5637,3.698059696329197,607.0370757188851,-3.8279994022309527,42
Na2B4O7,2,4.8667,2.4209281232169904,828.1102675372815,-2.751298661314101,78
Na5Cr3F14,14,2.9191000000000003,3.066437933036203,581.5007547471895,-3.043457231060303,44
K3InCl6,14,3.4614000000000003,2.463214679297738,1199.504198621339,-2.0092224176060003,40
NaAuCl4,14,1.6074,3.491414350692001,2752.949485489003,-1.2200850508538883,96
K12In2Se9,14,1.646,2.936165457084861,3188.452586404089,-1.0743202487866848,92
K2CoCl4,14,0.0490999999999999,2.254449534017438,821.8303242825142,-1.6213601009342855,28
K2Cd2Te3,14,1.3224,4.343211511741299,3146.506426838055,-0.7402183321666668,84
Na6Mo11O36,15,2.6018,3.809225174966936,1542.5291278131224,-2.113415307264152,106
K10In5Sb9,14,0.5995999999999997,3.919589681063759,3492.4334716944445,-0.3837702657291668,96
NaAsS2,14,1.3699000000000003,2.724050376725762,395.1116710524561,-0.9313509248958334,16
K2SbF5,14,4.6305,3.29271079239827,1784.9379324961783,-2.94143525680625,96
K2LiSn4,15,0.8388999999999998,3.827094123783893,3887.501696672313,-0.2779324244583329,112
K11(In2Bi3)3,2,0.0275000000000003,4.957346414961774,2009.6665013792665,-0.330781924923077,52
Li2W2O7,2,3.7382,5.646887700002883,290.27388255825633,-2.2356871077651523,22
K2Cd2O3,14,1.1736,4.339557791041977,268.6343344181912,-1.4285301578214284,14
CsLiF2,15,6.278599999999999,3.920546323401784,301.3005369949,-3.0237767096610915,16
Na4SnO4,2,2.0958,3.252921098660786,280.4216480004637,-1.8778849453703703,18
K3BP2,15,1.6658,1.772986404460812,355.9994983594579,-0.3956163925515869,12
K2S2O3,14,3.7462,2.1168228226242705,1194.400447179714,-2.017845072464286,56
LiErO2,14,4.5084,6.676896638493381,205.12593285451945,-3.3293192152083337,16
KCO3,14,0.0964,2.0361522665766083,323.2987632266502,-1.7802239358500005,20
Na3ScCl6,14,4.0379000000000005,2.2150864874362592,489.7360265260886,-2.287963192456,20
KNb2Cl11,2,2.1275,2.391408322667831,853.9366521156916,-1.816085975632857,28
LiIO5,14,0.2279,3.483491383262852,407.7446865398998,-0.7304492220833326,28
LiReO5,14,0.7139999999999997,3.988646496023129,454.8590042248025,-1.5748735324404777,28
Na2CO3,14,4.1922,2.487682396446972,1697.9461020089952,-2.089964391597221,144
K9FeS7,14,0.0841,2.091713905985021,2007.4779608303056,-1.147782650375,68
Na2Fe2F7,15,1.4241,3.24060834317588,1191.5036000555258,-2.878034463408788,88
K3TiCl6,14,0.0616999999999996,2.227112506394578,1126.9917161907938,-2.179909631689333,40
K2GaP2,14,1.2482,2.3217552268096595,1200.7900029181026,-0.4630620773785722,40
Na5GeAs3,14,0.4858999999999998,3.1522163723888816,868.8862161873054,-0.3992559926851851,36
Na6Si2Se7,15,2.1566,3.09190640358757,802.1845366933212,-0.9276447290937502,30
NaAlSe2,15,2.2333,3.3554791756951485,823.0398587284727,-1.0321010938802084,32
Na2Al2As3,14,1.2098,3.2973106667891416,1308.1918049517872,-0.4969184895238093,56
K4SiO4,14,3.2937,2.4927001786099714,662.100651839013,-2.3294178418888887,36
Na4CrO4,2,1.8904,2.6998015489609504,255.8067355347808,-1.9194158070370373,18
Na4FeO4,2,1.7879999999999998,2.793297926774838,251.82058516417567,-1.531176545925926,18
Li4MoO5,2,2.8393999999999995,3.6539624594298297,185.1433736176196,-2.302107301458334,20
K6Co2O7,14,1.0832,2.7104575605490435,569.085223971473,-1.4887968704500003,30
Li2WO4,15,3.9135,5.625991833130897,154.49564563376566,-2.348682541666666,14
Na4Fe2O5,14,1.9196,3.04095409409913,619.5494934429515,-1.081487702007577,44
K4PbO4,2,1.7002000000000002,3.613963205112903,392.9377183000762,-1.592149086888889,18
K2TeBr6,14,2.3360000000000003,3.3969837733018786,669.9093380908984,-1.0416701684444445,18
Na3AlH6,14,2.8147,1.482790941203693,228.4509120755728,-0.2644437651719997,20
Li3BO3,14,5.1566,2.091798179307506,252.8587707310852,-2.561992907202381,28
Na4Sn3F10,15,3.5673000000000004,3.3503049591892844,632.506794424515,-2.7966405161901964,34
Na4P2O7,19,4.4173,2.5064582365171546,704.6458122135667,-2.620332109940477,52
K2Mo2O7,2,3.4103000000000003,3.36145396974178,377.483167808101,-2.2137188422500005,22
K2Cr3O10,14,2.0028,2.483826923180445,1054.0983456951808,-1.8302155884,60
Na8Ga2O7,14,2.2590000000000003,3.080105485468061,938.8408487430092,-1.8863453560539225,68
K2Sb4S7,15,1.5528999999999995,3.478598713024405,753.9321781820372,-0.9072459332980768,26
NaSb5O8,2,2.7038,4.979282456134341,506.7608173746396,-1.809180607380952,28
Li8Nb2O9,2,3.2417,3.396337760511653,753.5933869262523,-2.6494799483114035,76
LiGeTe2,2,0.4353000000000002,4.736544893461881,704.2056289040282,-0.4153840175000003,24
KAs2F7,14,4.7859,3.066337436152921,697.3503578119223,-2.651274292883,40
KH3O2,14,4.3876,1.8970138221453328,259.5251165289693,-1.5492128873099995,24
Na3SiSe4,14,1.7564,3.1260608222102606,1754.6119485412987,-0.8709159466406251,64
LiGaCl4,14,4.4866,2.260420681843838,641.9830362170874,-1.7706642885622224,24
Na2Te2O5,15,3.0830999999999995,4.378070638117492,578.2990599004171,-1.7576207617129624,36
Na4Ga2S5,14,2.4813,2.602312819923518,999.8538094879898,-1.315313137405303,44
K2Te4O9,14,2.9336,4.428915741031773,1098.6854377717063,-1.691386280983333,60
KTe2F9,2,4.5324,3.70250526759638,417.3510015477219,-2.649456249059167,24
NaSbF4,14,4.3785,3.6447368023488296,402.28200774445753,-2.855175669265556,24
NaCu3F7,15,0.1086,4.176838114665548,275.60100526542345,-2.0670840178784853,22
Li(MoO3)3,2,0.2172999999999998,3.902788441815367,1493.436450069286,-2.0937347531410264,104
LiAuI4,14,0.7861000000000002,5.433153110501896,434.9282197333332,-0.4433430380555556,12
K3BiO4,2,1.1542,4.053656193858646,319.7426550712917,-1.6555087204999994,16
LiMoS2,2,1.0665000000000004,4.448424479142337,249.37214634283453,-1.3134385867708342,16
Li2CO3,15,5.092,1.9967525105358643,122.89828155348656,-2.256099658402777,12
Na3FeO3,14,2.0753,2.904549170376269,395.189619638306,-1.7705814773214286,28
NaClO2,15,2.5768,2.347678335971384,127.9406609780813,-1.1556468485233338,8
NaYO2,15,4.1319,4.251370518287331,224.8143780010201,-3.141605144375,16
Na4(BSe)9,14,2.2099,3.146605877409789,1899.59082418808,-0.4942604489512312,88
Na3YCl6,14,5.2411,2.350062904383632,523.7173994450003,-2.3536925496226666,20
LiNb3O8,14,2.9482,4.734925201696726,580.2759899409293,-2.9908377281944447,48
Na3AlF6,14,6.725199999999999,2.8440972027137765,245.1503225375185,-3.414587732214,20
Na2PdF4,14,1.257,3.749056310433675,202.3206476369496,-2.3876671230609525,14
Na2S2O3,14,4.0863,2.284824013684362,459.63115765278974,-1.936315861666667,28
NaPO3,14,5.2218,2.4814412592979656,545.848707735316,-2.643855177880952,40
Na6Sn2S7,15,2.0948,2.597358866107024,766.9436476508807,-1.2182617287916666,30
Na4TiSe4,15,1.6704,3.2032273694068545,1889.7224208526625,-1.139090492754629,72
K5SnSb3,14,0.5166,3.139833327530426,1437.4082418819528,-0.4191203866666665,36
Na2TeO3,14,3.3548,4.052901539273465,363.13587942106176,-1.865225323819444,24
K3AlAs2,2,0.4445999999999999,2.4959123563337244,1565.430449222939,-0.5106649460833333,48
Li2ZrF6,14,6.0728,3.587578648728646,405.6420210469241,-3.694565619311852,36
Na2B8O13,14,5.4478,2.225270151314416,1016.2302247201133,-2.815048013641304,92
Na6Si8O19,14,4.5318,2.4089522245478143,1838.0339046834213,-2.976408840871213,132
NaSO4,2,3.5705,2.4432382926237475,161.82712161770593,-1.850020140243056,12
Li4P2O7,14,5.6533,2.258198027841247,593.2923284704782,-2.7519615580174,52
Na3NiF6,14,0.6436000000000001,3.159754134542251,253.99093785764111,-2.5820110902140003,20
K5B19O31,15,5.3537,2.157761508241076,1380.4189456419222,-2.842631078507575,110
Li2ZrF6,15,5.4892,3.749541798751298,194.0600654484939,-3.6502828909785183,18
LiYF4,15,7.8233,3.812091172989936,149.7067036191673,-4.059079636626667,12
KPO3,14,5.046399999999999,2.3392547003872783,1005.7576849014606,-2.6958463447309526,60
NaPO3,14,5.1702,2.496909731986768,542.4671494356079,-2.6464154498809527,40
Na2CrF4,14,1.1107,3.0511775241325303,189.35819760442573,-2.931380729489524,14
Li2TeS3,14,0.9701000000000004,3.1873104936403656,495.30404335539487,-1.0101779593402782,24
Na5Ga3F14,14,5.4154,3.4167190789621307,573.5775131151642,-3.034717990037575,44
Na3MnF6,14,1.6666,2.9832109597771934,264.84117258608177,-2.799496208775517,20
Li3CrF6,15,3.9646,2.8396227911805374,655.4486862293405,-3.1423044493806658,60
LiGaI4,14,2.4872,4.026066430868868,963.9412605887964,-0.7525381018055558,24
Na4Ge2Se5,14,1.9326,3.606540390733213,2328.049522189769,-0.7909757146638257,88
Li6Br3N,14,2.6039000000000003,2.7059519651034893,362.5080042585539,-1.116856780238,20
NaC2N3,14,3.5806,1.874699362292269,946.3270992378518,-0.3509181946622214,72
LiTm2Cl5,15,0.1608,4.942261119401448,350.8211926234803,-2.0805172597458337,16
K2In2Sb3,14,0.8028,4.3496051277841605,2055.781590620129,-0.3433399265714288,56
K4Hf3Te17,14,0.9008000000000004,5.443000039945692,3491.3887053059884,-0.6400999084166669,96
KTbF5,2,0.0025999999999997,4.523701466712754,645.3528785210351,-3.483770455326191,42
KICl2,14,2.3549,2.57869831564934,1220.449140305405,-1.3735273270675,32
KC2N3,14,4.502599999999999,1.6118161909130653,433.272097249772,-0.2789859000233328,24
KHO,14,3.6423,2.116487577491476,176.07588736621508,-1.60769942929,12
K3Ta2S11,15,1.6765,3.078357113198421,1794.998822239134,-1.3064363269296884,64
Na2Cr2O7,2,2.632,2.596791325258464,335.0344925513987,-1.8649517964015143,22
Na2Zn2O3,14,1.0543,3.987948072223397,187.205098523745,-1.7159599250595232,14
NaPO3,2,5.137,2.548425304533164,398.6260169072369,-2.649740666464285,30
K2GeSe3,2,1.7321,3.180000586685621,404.9172593017349,-0.867697369671875,12
Na(BH)6,14,5.6438,1.227698391528994,508.0409998816438,-0.3979889121194867,52
Li6B4O9,14,4.928,2.044998864481265,743.417175714713,-2.695462546337719,76
KSbO2,15,2.1412,3.98266536384063,160.82031482170882,-1.894346900125,8
LiSbS2,15,0.9480000000000004,3.732483549499436,171.57659478203843,-1.0021275136458332,8
K3Cu5O4,14,1.5514,3.52077051239991,941.4375102767572,-1.1029988255416665,48
KTeO4,15,0.4813,3.895604517211981,196.67271293165592,-1.4648690513333331,12
K3(PbCl4)2,2,0.0906,2.619488516296584,516.8447491808171,-1.7775042619292307,13
NaV2O4,15,0.5773999999999999,3.562472207927541,176.07246227195688,-2.4135247069047625,14
K2HgS4,15,1.3171,3.3888632164009227,398.9047288515516,-0.893067318357143,14
KSbS2,15,1.9033,2.9967722215794383,249.3361750937582,-1.0707814898125,8
Li4SiO4,2,4.9652,2.3473405366044275,169.56277835733044,-2.681673009814814,18
NaBrO2,14,2.0718,2.941266845535804,304.62299797580243,-0.9077365964583336,16
K(IO3)2,14,1.5705,4.093787672941353,1261.9896075830386,-1.0492676076944447,72
K11Cd2Sb5,2,0.5584,2.922941693727835,1435.833429550943,-0.4322971223888889,36
K3V2O12,14,0.0539,2.495480654041511,1094.402409869231,-1.1920216390588232,68
K2PS3,14,2.9173,1.9660855680309013,1387.598635878258,-1.277304707116072,48
K2SbF5,14,4.6524,3.276514205058891,597.9204347735142,-2.94399331399375,32
K3GdF6,14,4.5732,3.247515111350068,397.33645828504586,-3.583244941614,20
Na4TeO5,2,1.9815,3.8892935306658223,255.79173429476097,-1.891868819958333,20
K5SnAs3,14,0.54,2.932158303508285,1220.9089743347504,-0.436154495833333,36
K4GeO4,14,3.1647,2.7763822205051363,701.0404943862823,-1.969075584944444,36
NaAsO3,2,2.8641,3.194549550333796,455.0661108792056,-1.9016707024166668,30
K2Al2Sb3,14,0.9992000000000004,3.561967735582003,1855.1948329369736,-0.3633888074642856,56
KGaTe2,15,1.2481,4.045834634152348,1195.247249350146,-0.6976690357500002,32
Na3GaS3,14,3.0946,2.4013912855854174,649.68929180025,-1.3198775531250004,28
Na5SnP3,14,0.9406,2.5872515188240204,838.4172381850076,-0.3681716835978833,36
Na3GeSe3,14,1.9947,3.3652661506783472,747.0390201761909,-0.8698855052901783,28
K2W2O7,14,2.4572000000000003,5.453484766061376,339.73466659078804,-2.2812519527045465,22
Na2Mn3O7,2,1.5444000000000002,3.687311491165265,290.7291843490225,-1.9538719947718484,24
LiVO3,15,3.0347,2.8228655238386806,249.13555004896816,-2.413097609416668,20
NaBiO2,15,1.1851000000000005,6.804399981741334,128.8374543047955,-1.729877960208333,8
KSb2F7,14,4.1638,3.8367914771567095,719.4885280696429,-2.8300972591330003,40
Na8Fe2O7,14,2.1192,2.8449231714314864,951.6493049977028,-1.7350311606127458,68
Na4B2O5,15,3.8871,2.478488163226244,259.38712499368523,-2.412338911174241,22
Na2SbF5,19,4.896000000000001,3.3382847859984306,522.7546939138036,-2.901383765327082,32
LiDy2Cl5,15,0.1504000000000003,4.686332659377527,360.8606206198911,-2.1400669087041666,16
K2GeTe4,14,1.1202,3.927299321047434,1118.3351375142058,-0.548971273357143,28
NaNbCl6,14,2.2385,2.3250253412793094,938.7882756008396,-1.8266007556741664,32
K4ZnO3,2,1.6956,2.7564364537346,650.1352190104842,-1.5036387260312498,32
K3Nb2Se11,14,1.0590000000000002,3.954864943224108,1967.804160630277,-0.7483070518613277,64
KPbO2,2,1.4532000000000005,6.172045816066751,598.9886924928672,-1.5818346982499998,32
Li4Ge5O12,2,2.9164000000000003,4.429879963899755,437.0423345231881,-2.2324585039682527,42
Na3BN2,14,1.6631000000000002,2.1182913332107915,338.0000856268901,-0.6391903023211102,24
KI3F16,14,4.1785,3.454538891929107,2783.295216261724,-2.127561575852,160
Na2Te4O9,2,3.1228,4.6786509247451615,497.1512673297156,-1.6631072998611107,30
K3(Mo7O11)2,14,0.0255999999999998,5.095342979908356,1181.3258737055803,-1.5756895214487183,78
Na3YBr6,14,4.2565,3.412207132479467,620.2789617496747,-1.700319191666667,20
Na2Te2As,19,1.0605000000000002,4.06259185512978,1229.8171331841434,-0.5631171025833333,40
Li2B2Se5,15,1.6861000000000002,4.205295678235763,339.8270453192076,-0.5114097801909728,18
K6Tl2Sb3,15,0.2637,3.915512582333965,1711.020062866373,-0.3877373125454546,44
KAl2Br7,14,4.128,2.783257740655015,1556.9065439415524,-1.2969164750500002,40
KSb3O5,14,3.1105,4.483038469603686,717.6597872176632,-1.8499386249166667,36
K2PSe3,14,1.9047,2.896658606805092,1587.015173309272,-0.8203395561004468,48
Li3TaO4,15,4.5395,5.700585302889718,309.6657064229451,-2.8587571803125,32
Na5P3O10,15,4.5378,2.500441437999731,488.5959365157349,-2.6314927002711648,36
NaCO2,14,3.4264,2.2363213769721058,198.9962716784976,-1.892086537708332,16
Li2SO4,14,6.041600000000001,2.117664814614952,344.8464595562654,-2.414888569613095,28
Li4TeO5,2,2.7196,4.085810040402912,191.30900917532733,-2.1143707644583336,20
Li3BN2,14,3.402,1.7319052080428727,228.7581039912548,-0.9700794364877782,24
KPO3,14,5.0422,2.300137633887313,681.9080032992589,-2.6994765915642858,40
Na2As4O11,15,2.0736,3.865607803780727,448.1756841904038,-1.7790903970833336,34
NaH9O5,19,4.5248,1.4066059613505173,529.1519375470378,-1.4318779171442215,60
Na2H16O9,14,4.5327,1.4708081044236212,930.7510820530828,-1.4422163807717274,108
K3SnTe3,14,1.2332,3.498760762030882,1174.75847129034,-0.8306057955714289,28
LiReO4,2,4.022399999999999,4.631607878520408,553.1560431761392,-2.323677614999999,36
KSnS4,14,1.4139,2.7781984309955483,1367.8723090938493,-1.0111282555,48
Li4Mo5O17,2,3.0647,3.926461902043112,659.2772413435791,-2.171115661330129,52
K2(ReS2)3,15,1.4660000000000002,5.543726475010639,993.506169778323,-1.1508989133863643,44
K3GaS3,14,2.7209,2.331060880800238,806.9906513186098,-1.4004250490535708,28
Na2In2Sb3,14,0.6920999999999999,4.713661606781686,1806.208706806418,-0.2446744452380953,56
K4Ti3S14,15,1.1896,2.3602123669248365,1053.7904967095046,-1.4379337590833332,42
K2Mo4O13,2,3.1281,3.648662864799367,609.799368286093,-2.134799450644736,38
K2CO3,15,3.6288,2.285802863256021,200.8008964010836,-2.122751055791666,12
K14In4O13,14,1.8343,3.0225391207124392,1334.6115669763346,-1.6673180426854846,62
Na7Al3O8,2,2.7999,2.5750107361753933,477.0314843558755,-2.487613136851852,36
Na2Si3O7,14,4.3072,2.3940017829215168,672.0720660656431,-2.988403104409722,48
Li2MnF5,15,1.843,3.027126827041776,179.719147834045,-2.80407988977898,16
KPO3,14,5.2465,2.294773382498083,683.5020282177644,-2.698429437564286,40
LiMnF4,14,1.8523,3.269920554780623,140.02966167368115,-2.9570866364514177,12
NaErO2,15,4.0546,6.787304700420954,217.49474204300336,-3.1997844308333336,16
K3Ta2S11,14,1.7459000000000002,3.1942378629786057,1729.8797489896374,-1.307663834585938,64
K9Bi5O13,14,1.0719999999999998,4.665219534920951,2284.821142292098,-1.694863425675926,108
Na2TeO4,14,1.8126,4.069171614397129,775.5998661036951,-1.8263333484523805,56
Na3GaS3,14,2.6127,2.4280331496470624,1285.1210074245205,-1.320319278660715,56
LiLuF4,15,7.7635,6.111364235850341,140.150606923843,-4.098012478015556,12
Na10Co4O9,2,1.3618,3.0065338973323,673.4041816468388,-1.5259856080253624,46
KC2N3,14,3.7344,1.8062781202246745,1159.8794896510915,-0.3991678382177765,72
KSm2Cl5,14,0.4785000000000003,4.164431414542996,824.7339767324988,-2.3086793902250005,32
Li2TeSe3,14,0.6149,4.44752689080538,565.0644933621852,-0.6322514760329861,24
K2SnBr6,14,1.8009,3.5128048894524806,639.4168868354453,-1.192917339,18
Na5SiP3,14,1.3279999999999994,2.035347200102105,770.0180992507873,-0.4174655480423277,36
KICl4,14,2.2088,2.2227842041825547,919.8165974001396,-1.2074285235066666,24
Rb2LiSn4,2,0.9046000000000004,4.177577070522377,2075.5790170646374,-0.2894471979761905,56
NaH8O5,15,3.5073,1.5390626308834463,479.2614413640092,-1.4005871154316665,56
Na4SiO4,2,3.2269,2.568895510828534,237.9304442097062,-2.4004030537037035,18
RbLiF2,15,6.1608,3.2429574180723897,267.0939836879835,-3.028814268928333,16
Na3V5O23,2,0.1125,2.460505243696448,933.5752877445004,-1.2123778841532251,62
K2Sn2Se5,15,1.3481,4.103510004345609,574.9587629185124,-0.7247224103020832,18
K3BAs2,15,1.3129,2.395346042896237,385.36840256971885,-0.3430860238611106,12
Na3AlSe3,14,2.7204,3.012756060561562,733.784763151583,-1.0884673656473214,28
Na6Si2O7,2,3.3133,2.515462923683834,1616.5612983556257,-2.5165979701666674,120
LiPrO2,14,3.6028,5.7738068266430815,206.89553753361224,-3.105918710208333,16
Na(AsO3)2,14,0.0003999999999999,3.75908845619096,475.0105512454064,-1.5731664903703704,36
NaGaCl4,19,4.6711,2.321501682620178,671.0097078805477,-1.7824355923122226,24
K3(SeO4)2,15,0.3984999999999999,2.933601579489456,456.4669775056611,-1.6076280598990378,26
K2HfF6,15,6.4674,4.5558955817174,270.20973612411416,-3.752767867571111,18
K2B4O7,2,4.8326,2.3859295222421784,649.8603720736704,-2.7831176708782057,52
NaVO3,15,3.2406,2.693051477622963,300.7274815080098,-2.386732863416668,20
Na4PbO4,2,1.3103,4.128878857464643,292.1063419258076,-1.6204599331481475,18
Na3InP2,14,0.6425000000000001,3.013489557239024,1083.2684979829464,-0.3807114534821429,48
Li2Mo4O13,2,2.4881,3.7528063105147216,803.9417699373104,-2.1210739841885955,57
NaFeCl4,19,0.2267,2.1786476654503075,672.6972628367361,-1.522456846062222,24
LiAlH4,14,4.7794,0.9068976413995684,277.9788707948962,-0.2412311604688888,24
K2TeI6,14,1.8184,3.934886535325115,816.3448987012565,-0.7579906823333332,18
Li3BiO3,2,2.4933,5.047879679200749,731.0798812653571,-1.98293165625,56
K2TiS3,15,1.4243,2.261437882307086,326.4021453565674,-1.6930141589513887,12
K2CoO2,14,0.6651,2.826528752635312,397.44105063827726,-1.4906117912000003,20
LiPO3,14,5.5612,2.278779972327773,751.253731175769,-2.719270565130953,60
Li2TiO3,15,3.0688000000000004,3.336254064056301,218.4959652963505,-2.9896021714583334,24
Na3BP2,14,1.8451,1.6867849048507435,558.0903668702441,-0.3365304481349203,24
Na2ZnO2,14,1.457,3.489915503961095,272.90090784654694,-1.663912369833333,20
NaP4N7,15,4.3009,3.004701178077565,270.7215533846121,-0.6830393245232548,24
K2TeS3,14,2.3442000000000003,2.472444511733595,811.2923824258888,-1.077433784645833,24
Na3TiCl6,14,0.0638999999999998,2.2896202397475185,478.0162170430391,-2.0562710812893337,20
Na3BS3,15,2.6404,1.964922904354448,297.430370196926,-1.235996905505952,14
Na14Al4O13,14,2.4679,2.4611885460863605,860.6008762092383,-2.271772775255376,62
KAuI3,14,0.6537000000000001,4.857177776624302,843.4399355434867,-0.6636010711000004,20
Na3B7O12,2,4.9298,2.3104214635907696,483.8964654049827,-2.774949749962121,44
Na5TlSn3,14,0.0500999999999995,4.021524981680485,1115.6278150364635,-0.1936384137962963,36
LiBO2,14,5.232,2.079064456856911,158.94292593409287,-2.74563400125,16
KN3O4,14,2.8629,2.0310295491338493,474.5785944699618,-0.9326506928300002,32
K2TaF7,14,5.6083,3.8941482874611526,668.852462600596,-3.5347483196830005,40
Na3ScF6,14,6.839500000000001,2.764384807089652,273.8134152267102,-3.543896088214,20
Li4SeO5,15,2.4751,3.0540553752054875,203.04642644782223,-1.9585813206927083,20
K4WO5,2,3.2324,3.695665592387646,1132.9087764366154,-2.086238078658333,60
KDy2Cl7,14,4.5419,3.4416554934869352,1181.637260154429,-2.659165249082,40
K2(TcS2)3,15,1.0408999999999995,3.794280691789184,988.3487089478168,-1.201632954977274,44
NaSbS2,15,1.3776999999999997,3.4936471621499305,198.56213350313664,-1.012031896145834,8
Na2SeO3,14,4.2817,3.255875689033072,352.8020089165268,-1.8118618729600693,24
K3AlP2,2,0.6989999999999998,1.890659935842653,1448.9880062486563,-0.480248407065476,48
K3GaTe3,14,1.5323,3.446830462400693,1098.0579336518304,-0.876442439142857,28
K3SnSe3,14,1.6667,3.207165008403708,979.3619578633048,-1.0012253269330362,28
Na5NbO5,15,2.6377,2.9814646602771138,320.6409746950083,-2.2481964161742427,22
Li4WO5,2,3.8918,5.16849485314786,187.371707283298,-2.3726650479583333,20
Na2MnF5,14,2.4314,2.9778897861444684,436.9745920147495,-2.79026623977898,32
Na(CO)2,14,2.6287000000000003,2.0388248824714785,257.40148998233786,-1.2923985251666663,20
KB3O5,14,5.225300000000001,2.224727255805928,1357.2108375379266,-2.8226300900092585,108
K2Cr2O7,15,2.7755,2.4992679311845545,390.9184885676201,-1.9404914072500008,22
Na2SnSe3,14,1.3282999999999998,3.803238322908224,701.3201383872425,-0.7748734906163192,24
KCuCl3,14,0.2416,2.065254287127698,672.1848188118263,-1.4094520075559998,20
Na6Mo10O33,2,3.0432,3.851845453030554,700.678524625966,-2.1049924430867346,49
Li2SeO4,2,0.4034999999999999,2.512127024523366,622.0345080822442,-1.3351990653348216,42
Na2Cr2O7,2,2.5253,2.654094730177406,655.6018170924063,-1.8695085307196964,44
K4SnO4,2,2.3423,2.977324240601096,378.252471287192,-1.839864775222222,18
LiTa3O8,15,3.3841,7.889694755714257,285.3037887324469,-3.2636987711111125,24
LiSmO2,14,3.7655,6.485181854389346,193.88181874148253,-3.1857512070833334,16
K4UO5,2,2.1910000000000003,4.2076699136856055,374.45497496573154,-2.6457213253250003,20
